😀	2.91
😃	2.93
😄	2.85
😁	2.84
😆	2.44
😅	0.00
🤣	0.00
😂	0.00
🙂	2.24
🙃	-2.00
😉	2.71
😊	3.01
😇	2.91
😍	2.89
🤩	2.95
😘	3.10
😗	2.73
☺	2.95
😚	2.93
😙	3.16
😋	2.86
😛	2.51
😜	2.49
🤪	2.32
😝	2.45
🤑	2.27
🤗	2.88
🤭	0.00
🤫	0.00
🤔	0.00
🤐	0.00
🤨	0.00
😐	-2.27
😑	-2.30
😶	0.00
😏	2.39
😒	-2.32
🙄	-2.11
😬	0.00
🤥	0.00
😌	2.39
😔	-2.58
😪	-2.33
🤤	2.35
😴	0.00
😷	-2.35
🤒	-2.43
🤕	-2.41
🤢	-2.18
🤮	-2.23
🤧	0.00
😵	0.00
🤯	0.00
🤠	2.38
😎	2.78
🤓	2.59
🧐	0.00
😕	-2.47
😟	-2.28
🙁	-2.62
☹	-2.56
😮	2.25
😯	0.00
😲	0.00
😳	0.00
😦	0.00
😧	0.00
😨	-2.19
😰	0.00
😥	-2.28
😢	-2.29
😭	0.00
😱	2.13
😖	-2.44
😣	-2.33
😞	-2.81
😓	-2.39
😩	0.00
😫	-2.00
😤	0.00
😡	-2.34
😠	-2.33
🤬	-2.39
😈	2.55
👿	0.00
💀	0.00
☠	2.14
💩	0.00
🤡	2.22
👹	2.22
👺	-2.06
👻	2.69
👽	2.66
👾	3.30
🤖	2.81
😺	3.02
😸	2.90
😹	2.16
😻	2.85
😼	2.44
😽	3.03
🙀	2.29
😿	-2.32
😾	0.00
🙈	2.22
🙉	2.47
🙊	2.32
💋	3.12
💌	2.85
💘	2.78
💝	2.80
💖	2.93
💗	3.02
💓	2.98
💞	2.96
💕	3.00
💟	3.05
❣	2.95
💔	-2.47
❤	2.96
🧡	2.95
💛	2.99
💚	2.98
💙	2.95
💜	3.01
🖤	2.79
💯	2.28
💢	2.38
💥	2.89
💫	3.10
💦	2.49
💨	2.58
🕳	2.10
💣	2.48
💬	2.43
👁️‍🗨️	2.10
🗨	3.56
🗯	3.01
💭	2.39
💤	2.56
👋	2.60
🤚	2.03
🖐	2.53
✋	2.17
🖖	2.82
👌	2.80
✌	2.65
🤞	2.37
🤟	2.76
🤘	2.83
🤙	2.75
👈	2.78
👉	2.77
👆	2.66
🖕	0.00
👇	2.61
☝	2.64
👍	3.02
👎	-2.21
✊	2.72
👊	2.68
🤛	2.74
🤜	2.73
👏	2.82
🙌	2.93
👐	2.32
🤲	2.97
🤝	2.56
🙏	2.66
✍	2.64
💅	2.42
🤳	2.40
💪	2.69
👂	2.74
👃	2.33
🧠	2.52
👀	2.45
👁	2.58
👅	2.84
👄	2.86
👶	2.77
🧒	2.53
👦	2.55
👧	2.69
🧑	2.68
👱	2.85
👨	2.75
🧔	2.84
👩	2.75
👱‍♀️	2.83
👱‍♂️	2.31
🧓	2.16
👴	2.21
👵	2.20
🙍	-2.15
🙍‍♂️	2.94
🙍‍♀️	2.03
🙎	2.23
🙎‍♂️	2.23
🙎‍♀️	2.86
🙅	-2.11
🙅‍♂️	0.00
🙅‍♀️	2.35
🙆	2.23
🙆‍♂️	2.34
🙆‍♀️	2.54
💁	2.27
💁‍♂️	2.59
💁‍♀️	2.07
🙋	2.82
🙋‍♂️	3.21
🙋‍♀️	3.22
🙇	2.26
🙇‍♂️	2.56
🙇‍♀️	2.79
🤦	-2.27
🤦‍♂️	-2.03
🤦‍♀️	-2.14
🤷	0.00
🤷‍♂️	0.00
🤷‍♀️	0.00
👨‍⚕️	-2.17
👩‍⚕️	2.66
👨‍🎓	3.18
👩‍🎓	3.13
👨‍🏫	2.41
👩‍🏫	2.66
👨‍⚖️	2.28
👩‍⚖️	2.79
👨‍🌾	2.77
👩‍🌾	3.15
👨‍🍳	2.91
👩‍🍳	3.20
👨‍🔧	2.85
👩‍🔧	2.94
👨‍🏭	2.20
👩‍🏭	2.83
👨‍💼	2.19
👩‍💼	2.67
👨‍🔬	2.18
👩‍🔬	2.83
👨‍💻	2.68
👩‍💻	3.07
👨‍🎤	3.09
👩‍🎤	3.11
👨‍🎨	2.36
👩‍🎨	2.96
👨‍✈️	2.82
👩‍✈️	2.47
👨‍🚀	3.19
👩‍🚀	3.11
👨‍🚒	2.92
👩‍🚒	3.02
👮	0.00
👮‍♂️	0.00
👮‍♀️	0.00
🕵	2.43
🕵️‍♂️	2.23
💂	2.24
💂‍♂️	2.24
💂‍♀️	2.96
👷	2.65
👷‍♂️	2.73
👷‍♀️	2.83
🤴	2.57
👸	2.91
👳	2.25
👳‍♂️	0.00
👳‍♀️	2.86
👲	2.64
🧕	3.01
🤵	2.86
👰	3.10
🤰	2.25
🤱	2.14
👼	2.90
🎅	3.20
🤶	3.16
🧙	2.64
🧙‍♂️	2.80
🧙‍♀️	2.39
🧚	2.78
🧚‍♂️	3.26
🧚‍♀️	3.04
🧛	2.59
🧛‍♂️	-2.29
🧛‍♀️	3.27
🧜	3.01
🧜‍♂️	3.36
🧜‍♀️	3.38
🧝	0.00
🧝‍♂️	0.00
🧝‍♀️	2.75
🧞	2.91
🧞‍♂️	3.17
🧞‍♀️	2.84
🧟	2.14
🧟‍♂️	2.03
🧟‍♀️	2.34
💆	0.00
💆‍♂️	2.72
💆‍♀️	2.19
💇	2.52
💇‍♂️	2.49
💇‍♀️	2.75
🚶	2.38
🚶‍♂️	2.72
🚶‍♀️	2.57
🏃	2.51
🏃‍♂️	2.76
🏃‍♀️	3.21
💃	2.84
🕺	2.89
🕴	2.85
👯	2.83
👯‍♂️	2.92
👯‍♀️	2.80
🧖	2.72
🧖‍♂️	2.90
🧖‍♀️	2.63
🧗	2.76
🧗‍♂️	2.97
🧗‍♀️	3.00
🤺	2.28
🏇	2.81
⛷	2.98
🏂	2.99
🏌	2.41
🏌️‍♂️	2.74
🏌️‍♀️	3.12
🏄	2.98
🏄‍♂️	2.90
🏄‍♀️	3.51
🚣	2.77
🚣‍♂️	2.53
🚣‍♀️	2.84
🏊	2.86
🏊‍♂️	2.72
🏊‍♀️	3.18
⛹	2.48
⛹️‍♂️	2.86
⛹️‍♀️	2.97
🏋	2.62
🏋️‍♂️	2.96
🏋️‍♀️	2.75
🚴	2.16
🚴‍♂️	2.66
🚴‍♀️	-2.76
🚵	3.01
🚵‍♂️	3.21
🚵‍♀️	2.62
🤸	2.48
🤸‍♂️	2.44
🤸‍♀️	2.92
🤼	2.97
🤼‍♂️	3.07
🤼‍♀️	2.86
🤽	3.00
🤽‍♂️	2.96
🤽‍♀️	3.65
🤾	2.58
🤾‍♂️	3.13
🤾‍♀️	3.35
🤹	2.83
🤹‍♂️	2.89
🤹‍♀️	3.07
🧘	2.60
🧘‍♂️	2.95
🧘‍♀️	3.00
🛀	2.71
🛌	2.97
👭	2.77
👫	2.73
👬	2.84
💏	2.65
👩‍❤️‍💋‍👨	2.52
👨‍❤️‍💋‍👨	2.70
👩‍❤️‍💋‍👩	3.00
💑	2.86
👩‍❤️‍👨	2.47
👨‍❤️‍👨	2.80
👩‍❤️‍👩	2.68
👪	3.03
👨‍👩‍👦	2.67
👨‍👩‍👧	2.72
👨‍👩‍👧‍👦	2.53
👨‍👩‍👦‍👦	2.67
👨‍👩‍👧‍👧	2.41
👨‍👨‍👦	3.46
👨‍👨‍👧	2.44
👨‍👨‍👧‍👦	2.57
👨‍👨‍👦‍👦	2.56
👨‍👨‍👧‍👧	2.46
👩‍👩‍👦	3.14
👩‍👩‍👧	2.90
👩‍👩‍👧‍👦	0.00
👩‍👩‍👦‍👦	2.51
👩‍👩‍👧‍👧	3.13
👨‍👦	3.24
👨‍👦‍👦	2.99
👨‍👧	2.54
👨‍👧‍👦	2.69
👨‍👧‍👧	3.62
👩‍👦	2.70
👩‍👦‍👦	2.52
👩‍👧	2.77
👩‍👧‍👦	2.55
👩‍👧‍👧	2.57
🗣	2.11
👤	2.55
👥	3.00
👣	2.69
🐵	3.31
🐒	2.94
🦍	2.46
🐶	2.69
🐕	2.60
🐩	2.98
🐺	2.93
🦊	2.95
🐱	2.88
🐈	2.72
🦁	2.92
🐯	2.65
🐅	2.92
🐆	2.83
🐴	2.83
🐎	3.08
🦄	2.89
🦓	2.95
🦌	2.65
🐮	2.68
🐂	2.63
🐃	2.94
🐄	2.17
🐷	2.64
🐖	2.40
🐗	3.42
🐽	2.42
🐏	3.09
🐑	2.70
🐐	2.72
🐪	2.76
🐫	3.00
🦒	3.04
🐘	2.49
🦏	2.28
🐭	2.76
🐁	3.40
🐀	-2.05
🐹	2.67
🐰	2.72
🐇	3.06
🐿	2.00
🦔	2.78
🦇	2.69
🐻	2.66
🐨	2.71
🐼	3.01
🐾	2.96
🦃	2.79
🐔	2.76
🐓	2.68
🐣	3.08
🐤	3.14
🐥	2.56
🐦	3.04
🐧	2.73
🕊	2.97
🦅	2.75
🦆	2.42
🦉	2.93
🐸	2.61
🐊	2.98
🐢	2.62
🦎	3.04
🐍	2.15
🐲	2.75
🐉	2.96
🦕	3.18
🦖	2.87
🐳	3.01
🐋	2.81
🐬	3.03
🐟	2.94
🐠	3.20
🐡	3.52
🦈	3.02
🐙	3.17
🐚	2.96
🐌	3.03
🦋	2.89
🐛	3.10
🐜	2.67
🐝	2.83
🐞	3.11
🦗	2.12
🕷	2.51
🕸	2.58
🦂	2.82
💐	3.22
🌸	3.01
💮	3.08
🏵	3.18
🌹	3.08
🥀	2.48
🌺	3.15
🌻	3.00
🌼	2.95
🌷	3.10
🌱	2.89
🌲	2.90
🌳	3.00
🌴	2.93
🌵	2.79
🌾	2.92
🌿	3.13
☘	3.01
🍀	2.99
🍁	2.89
🍂	2.83
🍃	2.86
🍇	3.22
🍈	3.40
🍉	3.21
🍊	2.70
🍋	3.11
🍌	2.84
🍍	3.12
🍎	2.91
🍏	3.12
🍐	3.36
🍑	2.72
🍒	3.07
🍓	3.11
🥝	3.36
🍅	3.09
🥥	3.20
🥑	3.27
🍆	2.37
🥔	3.16
🥕	3.04
🌽	3.01
🌶	2.99
🥒	2.74
🥦	2.65
🍄	2.81
🥜	2.68
🌰	3.04
🍞	2.56
🥐	3.23
🥖	3.07
🥨	2.71
🥞	3.09
🧀	2.92
🍖	2.61
🍗	2.53
🥩	2.66
🥓	2.89
🍔	2.87
🍟	3.04
🍕	3.03
🌭	2.85
🥪	3.21
🌮	2.98
🌯	2.93
🥙	3.16
🥚	2.80
🍳	2.92
🥘	3.06
🍲	2.30
🥣	2.91
🥗	3.21
🍿	2.82
🥫	2.92
🍱	2.75
🍘	2.28
🍙	2.57
🍚	2.55
🍛	2.86
🍜	2.71
🍝	2.64
🍠	3.26
🍢	3.28
🍣	2.85
🍤	2.65
🍥	3.11
🍡	3.40
🥟	2.55
🥠	3.25
🥡	2.89
🦀	2.88
🦐	3.13
🦑	2.81
🍦	2.90
🍧	3.28
🍨	2.70
🍩	2.70
🍪	2.73
🎂	3.55
🍰	3.17
🥧	3.13
🍫	3.19
🍬	3.03
🍭	3.22
🍮	2.96
🍯	2.92
🍼	2.84
🥛	2.58
☕	2.86
🍵	2.93
🍶	2.68
🍾	3.27
🍷	3.13
🍸	3.09
🍹	3.21
🍺	2.76
🍻	2.92
🥂	3.14
🥃	3.00
🥤	3.17
🥢	2.21
🍽	2.81
🍴	2.91
🥄	2.31
🔪	2.34
🏺	3.42
🌍	2.72
🌎	2.89
🌏	3.25
🌐	2.68
🗺	2.69
🗾	2.96
🏔	2.28
⛰	3.47
🌋	2.74
🗻	2.94
🏕	2.21
🏖	2.96
🏜	2.46
🏝	2.92
🏞	3.06
🏟	2.54
🏛	2.88
🏗	2.73
🏘	3.65
🏚	2.15
🏠	2.97
🏡	2.99
🏢	2.22
🏣	3.28
🏤	2.85
🏥	2.16
🏦	2.48
🏨	2.67
🏩	2.55
🏪	2.79
🏫	2.60
🏬	2.77
🏭	2.77
🏯	2.83
🏰	2.64
💒	2.87
🗼	2.91
🗽	2.92
⛪	2.92
🕌	2.25
🕍	3.34
🕋	2.82
⛲	3.21
⛺	2.84
🌁	2.57
🌃	2.77
🏙	3.21
🌄	2.99
🌅	3.17
🌆	0.00
🌇	2.68
🌉	2.21
♨	3.51
🎠	2.61
🎡	2.76
🎢	2.67
💈	2.45
🎪	2.77
🚂	2.59
🚃	2.46
🚄	3.08
🚅	2.98
🚆	2.70
🚇	2.74
🚈	0.00
🚉	2.56
🚊	2.52
🚝	2.59
🚞	2.41
🚋	2.71
🚌	2.16
🚍	0.00
🚎	2.43
🚐	0.00
🚑	0.00
🚒	2.03
🚓	0.00
🚔	0.00
🚕	2.64
🚖	0.00
🚗	2.47
🚘	2.54
🚙	2.41
🚚	2.32
🚛	2.33
🚜	0.00
🏎	2.60
🏍	2.52
🛵	2.69
🚲	2.55
🛴	0.00
🚏	0.00
🛣	0.00
🛤	2.80
🛢	2.05
⛽	2.10
🚨	2.34
🚥	3.32
🚦	2.77
🛑	0.00
🚧	2.60
⚓	2.98
⛵	3.16
🛶	2.55
🚤	2.84
🛳	2.66
⛴	2.02
🛥	2.97
🚢	2.77
✈	2.44
🛩	2.70
🛫	3.20
🛬	3.49
💺	2.46
🚁	2.80
🚟	2.25
🚠	3.36
🚡	3.41
🛰	3.27
🚀	2.73
🛸	2.63
🛎	2.52
⌛	0.00
⏳	3.13
⌚	2.91
⏰	2.63
⏱	2.58
⏲	2.46
🕰	3.82
🕛	2.50
🕧	3.43
🕐	3.03
🕜	3.55
🕑	2.20
🕝	3.80
🕒	0.00
🕞	2.45
🕓	2.04
🕟	2.21
🕔	3.07
🕠	2.24
🕕	0.00
🕡	2.44
🕖	2.68
🕢	2.28
🕗	2.73
🕣	3.08
🕘	2.74
🕤	2.84
🕙	2.30
🕥	2.58
🕚	2.27
🕦	2.69
🌑	2.69
🌒	2.58
🌓	2.53
🌔	2.45
🌕	2.83
🌖	2.25
🌗	2.21
🌘	2.46
🌙	3.10
🌚	2.13
🌛	3.31
🌜	3.15
🌡	0.00
☀	3.02
🌝	2.63
🌞	3.26
⭐	3.02
🌟	2.90
🌠	2.92
🌌	2.83
☁	2.54
⛅	3.11
⛈	2.17
🌤	3.16
🌥	3.64
🌦	2.29
🌧	0.00
🌨	2.25
🌩	2.40
🌪	2.63
🌫	2.38
🌬	2.36
🌀	2.92
🌈	2.92
🌂	2.65
☂	2.59
☔	2.15
⛱	3.26
⚡	2.71
❄	2.63
☃	2.68
⛄	3.27
☄	2.81
🔥	2.64
💧	2.40
🌊	2.96
🎃	2.95
🎄	3.47
🎆	3.38
🎇	3.28
✨	2.98
🎈	3.29
🎉	3.42
🎊	3.39
🎋	3.17
🎍	3.46
🎎	3.11
🎏	3.35
🎐	2.82
🎑	3.53
🎀	3.08
🎁	3.38
🎗	2.89
🎟	2.57
🎫	3.01
🎖	3.04
🏆	2.96
🏅	2.91
🥇1	3.08
🥈2	2.86
🥉3	2.92
⚽	2.67
⚾	2.84
🏀	2.56
🏐	2.92
🏈	2.80
🏉	2.81
🎾	2.91
🎳	0.00
🏏	2.64
🏑	3.10
🏒	2.80
🏓	3.02
🏸	2.87
🥊	2.82
🥋	3.23
🥅	2.65
⛳	2.96
⛸	3.17
🎣	2.58
🎽	2.47
🎿	3.12
🛷	3.01
🥌	0.00
🎯	2.53
🎱	3.12
🔮	3.04
🎮	3.66
🕹	3.26
🎰	3.03
🎲	2.63
♠	2.73
♥	2.93
♦	2.79
♣	3.12
♟	2.67
🃏	2.79
🀄	2.77
🎴	0.00
🎭	2.91
🖼	2.87
🎨	2.98
👓	2.69
🕶	3.07
👔	2.82
👕	3.00
👖	2.70
🧣	2.92
🧤	3.22
🧥	2.53
🧦	2.89
👗	3.15
👘	2.89
👙	2.58
👚	3.17
👛	2.87
👜	2.76
👝	3.24
🛍	2.97
🎒	2.72
👞	2.80
👟	2.77
👠	3.20
👡	2.67
👢	0.00
👑	2.99
👒	3.22
🎩	2.78
🎓	2.80
🧢	0.00
⛑	2.76
📿	2.98
💄	3.26
💍	2.84
💎	3.34
🔇	2.07
🔈	2.37
🔉	2.87
🔊	2.60
📢	2.67
📣	2.62
📯	3.03
🔔	2.16
🔕	2.65
🎼	2.83
🎵	2.92
🎶	2.66
🎙	2.76
🎚	2.78
🎛	2.95
🎤	2.79
🎧	2.74
📻	2.78
🎷	3.36
🎸	2.93
🎹	3.20
🎺	2.78
🎻	3.00
🥁	2.99
📱	2.66
📲	2.83
☎	2.26
📞	0.00
📟	2.82
📠	2.52
🔋	2.63
🔌	2.80
💻	2.72
🖥	3.74
🖨	3.51
⌨	3.43
🖱	3.39
🖲	2.94
💽	3.05
💾	2.89
💿	2.52
📀	3.12
🎥	2.73
🎞	2.95
📽	2.65
🎬	2.69
📺	2.51
📷	2.49
📸	2.81
📹	2.47
📼	2.41
🔍	2.77
🔎	2.80
🕯	2.61
💡	2.68
🔦	3.29
🏮	3.44
📔	3.27
📕	3.02
📖	2.84
📗	3.35
📘	3.14
📙	3.36
📚	2.89
📓	2.74
📒	2.84
📃	2.59
📜	2.45
📄	2.74
📰	2.43
🗞	2.16
📑	2.76
🔖	2.65
🏷	2.58
💰	2.48
💴	2.31
💵	0.00
💶	2.33
💷	2.37
💸	2.27
💳	2.39
💹	3.35
✉	2.26
📧	2.35
📨	2.99
📩	2.11
📤	2.55
📥	2.40
📦	2.93
📫	2.99
📪	2.90
📬	2.20
📭	2.44
📮	3.23
🗳	2.74
✏	2.59
✒	2.75
🖋	2.50
🖊	3.01
🖌	2.74
🖍	2.55
📝	2.68
💼	2.53
📁	2.37
📂	2.26
🗂	2.57
📅	2.12
📆	2.39
🗒	2.57
🗓	0.00
📇	2.97
📈	2.57
📉	2.05
📊	2.49
📋	2.56
📌	2.27
📍	2.31
📎	2.01
🖇	2.40
📏	3.01
📐	3.25
✂	0.00
🗃	2.23
🗄	2.56
🗑	0.00
🔒	2.97
🔓	2.53
🔏	2.55
🔐	2.34
🔑	2.97
🗝	2.64
🔨	2.08
⛏	2.21
⚒	2.66
🛠	2.18
🗡	3.39
⚔	2.79
🔫	0.00
🏹	2.72
🛡	2.83
🔧	2.50
🔩	2.31
⚙	2.99
🗜	0.00
⚖	2.25
🔗	2.54
⛓	2.13
⚗	2.77
🔬	2.63
🔭	2.94
📡	2.32
💉	2.32
💊	-2.19
🚪	2.07
🛏	2.38
🛋	3.43
🚽	0.00
🚿	2.62
🛁	2.39
🛒	2.74
🚬	2.26
⚰	-2.13
⚱	2.52
🗿	2.08
🏧	2.25
🚮	-2.06
🚰	2.21
♿	2.13
🚹	2.78
🚺	2.40
🚻	2.93
🚼	2.51
🚾	2.45
🛂	2.80
🛃	0.00
🛄	3.03
🛅	2.67
⚠	2.06
🚸	3.11
⛔	2.15
🚫	0.00
🚳	3.53
🚭	2.10
🚯	0.00
🚱	0.00
🚷	2.17
📵	0.00
🔞	2.78
☢	2.41
☣	0.00
⬆	2.53
↗	-3.27
➡	2.59
↘	-3.07
⬇	2.77
↙	3.33
⬅	3.11
↖	0.00
↕	3.46
↔	2.21
↩	3.51
↪	2.86
⤴	2.73
⤵	2.96
🔃	3.23
🔄	3.27
🔙	3.20
🔚	3.26
🔛	3.27
🔜	3.08
🔝	2.77
🛐	2.74
⚛	2.85
🕉	3.37
✡	0.00
☸	2.50
☯	2.68
✝	2.73
☦	2.15
☪	2.01
☮	2.98
🕎	3.22
🔯	2.79
♈	3.33
♉	3.42
♊	3.44
♋	2.17
♌	3.02
♍	3.04
♎	3.16
♏	3.00
♐	3.10
♑	3.02
♒	2.99
♓	3.09
⛎	3.23
🔀	3.31
🔁	3.05
🔂	2.88
▶	2.72
⏩	3.22
⏭	3.25
⏯	3.13
◀	3.03
⏪	3.23
⏮	3.29
🔼	2.61
⏫	2.38
🔽	3.31
⏬	3.56
⏸	2.57
⏹	2.68
⏺	2.50
⏏	3.23
🎦	2.69
🔅	3.33
🔆	3.57
📶	2.40
📳	3.22
📴	0.00
♀	0.00
♂	0.00
✖	2.28
➕	2.77
➖	2.56
➗	2.84
♾	3.07
‼	2.17
⁉	0.00
❓	2.59
❔	2.48
❕	2.38
❗	2.34
〰	2.52
💱	2.69
💲	2.61
⚕	2.46
♻	3.34
⚜	2.73
🔱	0.00
📛	3.05
🔰	2.97
⭕	2.85
✅	3.24
☑	2.89
✔	2.94
❌	0.00
❎	2.46
➰	2.98
➿	3.01
〽	2.63
✳	-2.24
✴	2.75
❇	2.65
©	2.14
®	2.61
™	2.52
🔟	2.63
🔠	3.07
🔡	3.45
🔢	2.36
🔣	3.78
🅰	2.57
🆎	3.41
🅱	2.45
🆑	2.77
🆒	3.73
🆓	2.50
	2.47
🆔	2.63
Ⓜ	2.77
🆕	2.53
🆖	2.94
🅾	2.47
🆗	2.59
🅿	2.49
🆘	-2.22
🆙	2.79
🆚	2.18
🈁	2.59
🈂	2.71
🈷	3.76
🈶	3.31
🈯	2.26
🉐	3.05
🈹	3.09
🈚	2.91
🈲	2.50
🉑	2.14
🈸	3.00
🈴	2.24
🈳	2.45
㊗	3.26
㊙	2.12
🈺	2.90
🈵	2.08
🔴	2.59
🔵	2.50
⚫	2.64
⚪	2.70
⬛	2.77
⬜	2.60
◼	3.08
◻	2.56
◾	2.44
◽	0.00
▪	2.61
▫	2.42
🔶	2.95
🔷	2.99
🔸	2.84
🔹	2.53
🔺	2.36
🔻	2.25
💠	3.06
🔘	2.88
🔳	2.48
🔲	3.05
🏁	3.01
🚩	2.73
🎌	2.96
🏴	2.85
🏳	2.75
🏳️‍🌈	2.78
🏴‍☠️	3.59
🇦🇨	3.52
🇦🇩	2.37
🇦🇪	3.05
🇦🇫	-3.18
🇦🇬	2.74
🇦🇮	3.05
🇦🇱	2.69
🇦🇲	2.11
🇦🇴	3.24
🇦🇶	-3.10
🇦🇷	2.69
🇦🇸	2.47
🇦🇹	3.05
🇦🇺	2.77
🇦🇼	3.01
🇦🇽	3.79
🇦🇿	3.22
🇧🇦	-2.03
🇧🇧	2.53
🇧🇩	3.16
🇧🇪	2.86
🇧🇫	3.45
🇧🇬	2.56
🇧🇭	2.55
🇧🇮	3.51
🇧🇯	2.87
🇧🇱	2.54
🇧🇲	3.24
🇧🇳	2.25
🇧🇴	3.71
🇧🇷	2.84
🇧🇸	2.42
🇧🇹	2.90
🇧🇻	3.98
🇧🇼	2.89
🇧🇾	0.00
🇧🇿	2.33
🇨🇦	2.62
🇨🇨	3.55
🇨🇩	2.85
🇨🇫	3.64
🇨🇬	3.59
🇨🇭	2.92
🇨🇮	3.10
🇨🇰	3.46
🇨🇱	3.09
🇨🇲	2.93
🇨🇳	2.69
🇨🇴	2.70
🇨🇵	2.54
🇨🇷	3.39
🇨🇺	2.56
🇨🇻	3.44
🇨🇾	-2.14
🇨🇿	3.15
🇩🇪	2.67
🇩🇯	3.04
🇩🇰	2.94
🇩🇲	2.35
🇩🇴	2.52
🇩🇿	2.62
🇪🇦	3.41
🇪🇨	3.21
🇪🇪	2.63
🇪🇬	2.78
🇪🇭	2.92
🇪🇷	2.52
🇪🇸	2.37
🇪🇹	2.99
🇪🇺	2.47
🇫🇮	2.81
🇫🇯	2.51
🇫🇰	2.83
🇫🇴	3.87
🇫🇷	2.60
🇬🇦	3.45
🇬🇧	2.52
🇬🇩	2.30
🇬🇪	3.13
🇬🇫	2.04
🇬🇬	2.23
🇬🇭	3.00
🇬🇮	0.00
🇬🇱	2.78
🇬🇲	2.68
🇬🇳	2.97
🇬🇵	2.80
🇬🇶	2.07
🇬🇷	3.05
🇬🇸	3.24
🇬🇹	2.47
🇬🇺	2.20
🇬🇼	2.24
🇬🇾	2.41
🇭🇰	3.35
🇭🇲	2.81
🇭🇳	2.50
🇭🇷	2.84
🇭🇹	2.31
🇭🇺	3.06
🇮🇨	2.13
🇮🇩	2.68
🇮🇪	3.07
🇮🇱	2.79
🇮🇲	3.40
🇮🇳	2.81
🇮🇴	3.74
🇮🇶	0.00
🇮🇷	0.00
🇮🇸	3.45
🇮🇹	2.46
🇯🇪	3.00
🇯🇲	2.37
🇯🇴	2.74
🇯🇵	2.62
🇰🇪	3.59
🇰🇬	3.07
🇰🇭	3.31
🇰🇮	2.50
🇰🇲	2.51
🇰🇳	2.33
🇰🇵	2.56
🇰🇷	2.98
🇰🇼	0.00
🇰🇾	3.23
🇰🇿	2.74
🇱🇦	0.00
🇱🇧	2.93
🇱🇨	2.27
🇱🇮	2.64
🇱🇰	2.12
🇱🇷	3.31
🇱🇸	2.01
🇱🇹	2.54
🇱🇺	3.57
🇱🇻	2.20
🇱🇾	2.03
🇲🇦	2.66
🇲🇨	2.72
🇲🇩	2.88
🇲🇪	0.00
🇲🇫	0.00
🇲🇬	3.00
🇲🇭	3.14
🇲🇰	0.00
🇲🇱	2.76
🇲🇲	2.17
🇲🇳	3.29
🇲🇴	2.06
🇲🇵	2.97
🇲🇷	3.24
🇲🇸	3.16
🇲🇹	2.37
🇲🇺	2.94
🇲🇻	2.77
🇲🇼	2.17
🇲🇽	2.64
🇲🇾	3.00
🇲🇿	3.25
🇳🇦	2.19
🇳🇪	3.09
🇳🇫	3.87
🇳🇬	3.21
🇳🇮	2.65
🇳🇱	2.94
🇳🇴	3.07
🇳🇵	0.00
🇳🇷	2.22
🇳🇺	2.93
🇳🇿	3.18
🇴🇲	2.36
🇵🇦	3.46
🇵🇪	3.29
🇵🇫	2.78
🇵🇬	3.20
🇵🇭	2.51
🇵🇰	2.02
🇵🇱	2.52
🇵🇲	3.53
🇵🇷	2.74
🇵🇸	2.06
🇵🇹	2.89
🇵🇾	3.02
🇶🇦	2.65
🇷🇪	2.93
🇷🇴	2.69
🇷🇸	2.61
🇷🇺	2.22
🇷🇼	0.00
🇸🇦	2.55
🇸🇧	2.53
🇸🇨	3.46
🇸🇩	2.88
🇸🇪	2.64
🇸🇬	2.70
🇸🇭	3.30
🇸🇮	2.57
🇸🇯	3.06
🇸🇰	3.37
🇸🇱	2.22
🇸🇲	2.12
🇸🇳	2.73
🇸🇴	2.99
🇸🇸	2.12
🇸🇹	2.31
🇸🇻	2.91
🇸🇽	2.96
🇸🇾	0.00
🇸🇿	2.20
🇹🇨	3.31
🇹🇩	3.07
🇹🇬	2.49
🇹🇭	2.78
🇹🇯	3.47
🇹🇰	3.44
🇹🇱	3.78
🇹🇲	3.59
🇹🇳	2.32
🇹🇴	3.14
🇹🇷	2.69
🇹🇹	2.34
🇹🇻	3.56
🇹🇼	2.82
🇹🇿	3.56
🇺🇦	2.59
🇺🇬	3.20
🇺🇲	2.75
🇺🇳	2.53
🇺🇸	2.62
🇺🇾	2.81
🇺🇿	3.11
🇻🇦	3.38
🇻🇨	2.94
🇻🇪	2.87
🇻🇬	3.24
🇻🇮	2.58
🇻🇳	2.42
🇻🇺	3.58
🇼🇸	2.96
🇽🇰	2.88
🇾🇪	2.61
🇿🇦	3.23
🇿🇲	3.45
🇿🇼	2.75
🏴󠁧󠁢󠁥󠁮󠁧󠁿	2.85
🏴󠁧󠁢󠁳󠁣󠁴󠁿	2.88
🏴󠁧󠁢󠁷󠁬󠁳󠁿	2.85
©️	2.23
®️	0.00
‼️	2.18
⁉️	0.00
™️	2.45
↔️	2.60
↕️	3.62
↖️	3.45
↗️	-3.37
↘️	-3.20
↙️	3.04
↩️	2.88
↪️	2.56
⌨️	3.54
⏏️	3.40
⏭️	3.49
⏮️	3.64
⏯️	2.86
⏱️	2.94
⏲️	2.86
⏸️	3.52
⏹️	2.15
⏺️	2.56
Ⓜ️	2.96
▪️	2.78
▫️	2.50
▶️	2.81
◀️	3.21
◻️	2.98
◼️	3.28
☀️	3.11
☁️	2.57
☂️	2.63
☃️	2.72
☄️	2.75
☎️	2.36
☑️	2.82
☘️	3.01
☝️	2.92
☝🏻	2.72
☝🏼	2.35
☝🏽	2.15
☝🏾	2.35
☝🏿	2.75
☠️	2.15
☢️	2.87
☣️	-2.18
☦️	0.00
☪️	2.37
☮️	3.22
☯️	2.63
☸️	2.73
☹️	-2.58
☺️	2.93
♀️	0.00
♂️	0.00
♠️	2.89
♣️	3.18
♥️	3.02
♦️	2.87
♨️	3.65
♻️	3.27
⚒️	3.06
⚔️	2.83
⚕️	2.46
⚖️	2.27
⚗️	2.84
⚙️	3.01
⚛️	2.78
⚜️	2.72
⚠️	2.08
⚰️	-2.15
⚱️	2.65
⛈️	2.46
⛏️	2.22
⛑️	3.12
⛓️	2.07
⛩️	3.69
⛰️	2.99
⛱️	3.33
⛴️	2.39
⛷️	2.58
⛸️	3.08
⛹️	2.78
⛹️‍♀	2.97
⛹️‍♂	2.86
⛹🏻	2.92
⛹🏻‍♀	2.79
⛹🏻‍♀️	2.76
⛹🏻‍♂	2.88
⛹🏻‍♂️	2.86
⛹🏼	2.43
⛹🏼‍♀	2.26
⛹🏼‍♀️	2.26
⛹🏼‍♂	2.45
⛹🏼‍♂️	2.26
⛹🏽	0.00
⛹🏽‍♀	2.44
⛹🏽‍♀️	2.43
⛹🏽‍♂	0.00
⛹🏽‍♂️	0.00
⛹🏾	2.38
⛹🏾‍♀	0.00
⛹🏾‍♀️	0.00
⛹🏾‍♂	2.52
⛹🏾‍♂️	2.52
⛹🏿	2.54
⛹🏿‍♀	2.15
⛹🏿‍♀️	2.15
⛹🏿‍♂	2.64
⛹🏿‍♂️	2.64
✂️	2.12
✈️	2.53
✉️	2.69
✊🏻	2.76
✊🏼	2.78
✊🏽	2.80
✊🏾	2.65
✊🏿	3.07
✋🏻	2.14
✋🏼	2.40
✋🏽	0.00
✋🏾	2.12
✋🏿	-2.49
✌️	2.92
✌🏻	2.82
✌🏼	2.58
✌🏽	0.00
✌🏾	0.00
✌🏿	2.40
✍️	3.07
✍🏻	3.03
✍🏼	2.50
✍🏽	-2.17
✍🏾	2.31
✍🏿	2.79
✏️	2.79
✒️	2.99
✔️	3.00
✖️	2.10
✝️	2.75
✡️	2.53
✳️	-2.53
✴️	0.00
❄️	2.61
❇️	2.98
❣️	2.94
❤️	2.94
➡️	2.57
⤴️	2.92
⤵️	2.89
⬅️	2.99
⬆️	2.73
⬇️	2.74
〰️	2.58
〽️	2.59
㊗️	3.15
㊙️	2.90
🅰️	2.44
🅱️	2.12
🅾️	3.14
🅿️	2.02
🇦	2.69
🇧	2.65
🇨	2.67
🇩	2.61
🇪	2.76
🇫	2.47
🇬	2.77
🇭	2.71
🇮	2.67
🇯	2.58
🇰	2.93
🇱	2.71
🇲	2.64
🇳	2.92
🇴	2.80
🇵	2.47
🇶	2.11
🇷	2.70
🇸	2.59
🇹	2.60
🇺	2.60
🇻	2.52
🇼	2.56
🇽	2.68
🇾	2.67
🇿	3.11
🈂️	2.63
🌡️	0.00
🌤️	3.74
🌥️	3.92
🌦️	2.75
🌧️	0.00
🌨️	2.43
🌩️	0.00
🌪️	2.93
🌫️	2.05
🌬️	2.33
🌶️	2.49
🍽️	2.92
🎅🏻	3.15
🎅🏼	3.06
🎅🏽	2.34
🎅🏾	2.85
🎅🏿	2.80
🎖️	2.68
🎗️	2.76
🎙️	2.80
🎚️	2.39
🎛️	3.32
🎞️	3.11
🎟️	2.17
🏃‍♀	3.21
🏃‍♂	2.76
🏃🏻	2.18
🏃🏻‍♀	2.52
🏃🏻‍♀️	2.52
🏃🏻‍♂	2.62
🏃🏻‍♂️	2.60
🏃🏼	-2.12
🏃🏼‍♀	2.51
🏃🏼‍♀️	2.52
🏃🏼‍♂	2.27
🏃🏼‍♂️	2.27
🏃🏽	0.00
🏃🏽‍♀	0.00
🏃🏽‍♀️	0.00
🏃🏽‍♂	2.20
🏃🏽‍♂️	2.20
🏃🏾	2.10
🏃🏾‍♀	2.29
🏃🏾‍♀️	2.28
🏃🏾‍♂	0.00
🏃🏾‍♂️	0.00
🏃🏿	0.00
🏃🏿‍♀	2.17
🏃🏿‍♀️	2.10
🏃🏿‍♂	-2.12
🏃🏿‍♂️	-2.15
🏄‍♀	3.51
🏄‍♂	2.90
🏄🏻	2.84
🏄🏻‍♀	2.84
🏄🏻‍♀️	2.84
🏄🏻‍♂	2.71
🏄🏻‍♂️	2.71
🏄🏼	2.95
🏄🏼‍♀	3.15
🏄🏼‍♀️	3.15
🏄🏼‍♂	2.81
🏄🏼‍♂️	2.81
🏄🏽	2.82
🏄🏽‍♀	3.08
🏄🏽‍♀️	3.08
🏄🏽‍♂	2.78
🏄🏽‍♂️	2.78
🏄🏾	2.66
🏄🏾‍♀	2.64
🏄🏾‍♀️	2.70
🏄🏾‍♂	2.62
🏄🏾‍♂️	2.62
🏄🏿	2.97
🏄🏿‍♀	3.53
🏄🏿‍♀️	3.53
🏄🏿‍♂	3.04
🏄🏿‍♂️	3.04
🏇🏻	2.20
🏇🏼	2.25
🏇🏽	2.74
🏇🏾	0.00
🏇🏿	3.09
🏊‍♀	3.18
🏊‍♂	2.71
🏊🏻	2.95
🏊🏻‍♀	3.02
🏊🏻‍♀️	3.02
🏊🏻‍♂	2.99
🏊🏻‍♂️	2.99
🏊🏼	2.84
🏊🏼‍♀	2.90
🏊🏼‍♀️	2.90
🏊🏼‍♂	2.67
🏊🏼‍♂️	2.67
🏊🏽	3.09
🏊🏽‍♀	2.76
🏊🏽‍♀️	2.74
🏊🏽‍♂	3.40
🏊🏽‍♂️	3.40
🏊🏾	2.51
🏊🏾‍♀	2.88
🏊🏾‍♀️	2.88
🏊🏾‍♂	2.65
🏊🏾‍♂️	2.65
🏊🏿	3.10
🏊🏿‍♂	3.16
🏊🏿‍♂️	3.16
🏋️	2.73
🏋️‍♀	2.75
🏋️‍♂	2.96
🏋🏻	2.53
🏋🏻‍♀	2.57
🏋🏻‍♀️	2.57
🏋🏻‍♂	2.45
🏋🏻‍♂️	2.47
🏋🏼	2.55
🏋🏼‍♀	2.67
🏋🏼‍♀️	2.67
🏋🏼‍♂	2.61
🏋🏼‍♂️	2.60
🏋🏽	2.52
🏋🏽‍♀	2.41
🏋🏽‍♀️	2.40
🏋🏽‍♂	2.33
🏋🏽‍♂️	2.32
🏋🏾	2.52
🏋🏾‍♀	0.00
🏋🏾‍♀️	0.00
🏋🏾‍♂	2.48
🏋🏾‍♂️	2.48
🏋🏿	2.33
🏋🏿‍♀	2.55
🏋🏿‍♀️	2.55
🏋🏿‍♂	0.00
🏋🏿‍♂️	0.00
🏌️	2.85
🏌️‍♀	3.12
🏌️‍♂	2.75
🏌🏻	2.88
🏌🏻‍♀	2.63
🏌🏻‍♀️	2.63
🏌🏻‍♂	3.07
🏌🏻‍♂️	3.09
🏌🏼	2.62
🏌🏼‍♀	2.73
🏌🏼‍♀️	2.73
🏌🏼‍♂	2.73
🏌🏼‍♂️	2.73
🏌🏽	2.12
🏌🏽‍♀	2.41
🏌🏽‍♀️	2.42
🏌🏽‍♂	0.00
🏌🏽‍♂️	0.00
🏌🏾	0.00
🏌🏾‍♀	-2.03
🏌🏾‍♀️	-2.03
🏌🏾‍♂	0.00
🏌🏾‍♂️	0.00
🏌🏿	2.27
🏌🏿‍♀	0.00
🏌🏿‍♀️	0.00
🏌🏿‍♂	2.38
🏌🏿‍♂️	2.38
🏍️	3.20
🏎️	3.18
🏔️	2.42
🏕️	3.18
🏖️	3.08
🏗️	2.65
🏘️	2.48
🏙️	2.73
🏚️	2.27
🏛️ 	3.08
🏜️	0.00
🏝️ 	3.08
🏞️	3.00
🏟️	2.27
🏳‍🌈	2.20
🏳️	2.77
🏴‍☠	3.59
🏵️	3.03
🏷️	0.00
🏻	2.43
🏼	2.51
🏽	0.00
🏾	2.13
🏿	2.41
🐿️	3.19
👁‍🗨	3.42
👁️	2.28
👁️‍🗨	2.26
👂🏻	2.96
👂🏼	3.03
👂🏽	2.46
👂🏾	3.21
👂🏿	2.61
👃🏻	2.05
👃🏼	0.00
👃🏽	3.08
👃🏾	2.36
👃🏿	0.00
👆🏻	2.67
👆🏼	2.75
👆🏽	2.60
👆🏾	2.32
👆🏿	2.49
👇🏻	2.60
👇🏼	2.51
👇🏽	2.54
👇🏾	2.93
👇🏿	2.34
👈🏻	2.68
👈🏼	2.29
👈🏽	2.86
👈🏾	2.63
👈🏿	2.73
👉🏻	2.58
👉🏼	2.36
👉🏽	2.78
👉🏾	2.92
👉🏿	2.89
👊🏻	2.54
👊🏼	2.85
👊🏽	2.64
👊🏾	2.63
👊🏿	3.23
👋🏻	2.69
👋🏼	2.50
👋🏽	0.00
👋🏾	2.23
👋🏿	2.11
👌🏻	2.75
👌🏼	2.70
👌🏽	2.48
👌🏾	2.52
👌🏿	2.59
👍🏻	3.02
👍🏼	2.85
👍🏽	2.84
👍🏾	2.95
👍🏿	2.99
👎🏻	0.00
👎🏼	-2.42
👎🏽	-2.32
👎🏾	-2.29
👎🏿	-2.05
👏🏻	2.76
👏🏼	2.74
👏🏽	2.47
👏🏾	2.59
👏🏿	2.77
👐🏻	2.53
👐🏼	0.00
👐🏽	0.00
👐🏾	0.00
👐🏿	2.05
👦🏻	2.21
👦🏼	2.47
👦🏽	-2.13
👦🏾	2.75
👦🏿	3.27
👧🏻	2.19
👧🏼	2.98
👧🏽	2.66
👧🏾	2.53
👧🏿	3.51
👨‍⚕	-2.16
👨‍⚖	2.38
👨‍✈	2.82
👨‍❤‍👨	-2.08
👨‍❤‍💋‍👨	-2.12
👨🏻	2.83
👨🏻‍⚕	2.55
👨🏻‍⚕️	2.55
👨🏻‍⚖	2.53
👨🏻‍⚖️	2.53
👨🏻‍✈	2.43
👨🏻‍✈️	2.43
👨🏻‍🌾	2.94
👨🏻‍🍳	3.11
👨🏻‍🎓	3.29
👨🏻‍🎤	3.37
👨🏻‍🎨	2.96
👨🏻‍🏫	2.88
👨🏻‍💻	2.97
👨🏻‍💼	2.31
👨🏻‍🔧	0.00
👨🏻‍🔬	0.00
👨🏻‍🚀	2.67
👨🏻‍🚒	2.31
👨🏼	2.73
👨🏼‍⚕	2.71
👨🏼‍⚕️	2.71
👨🏼‍⚖	3.16
👨🏼‍⚖️	3.16
👨🏼‍✈	3.02
👨🏼‍✈️	3.09
👨🏼‍🌾	2.40
👨🏼‍🍳	2.53
👨🏼‍🎓	2.67
👨🏼‍🎤	2.07
👨🏼‍🎨	3.42
👨🏼‍🏫	2.76
👨🏼‍💻	2.93
👨🏼‍💼	2.48
👨🏼‍🔧	2.75
👨🏼‍🔬	3.47
👨🏼‍🚀	0.00
👨🏼‍🚒	2.81
👨🏽	2.79
👨🏽‍⚕	2.40
👨🏽‍⚕️	2.40
👨🏽‍⚖	3.38
👨🏽‍⚖️	3.42
👨🏽‍✈	2.25
👨🏽‍✈️	2.30
👨🏽‍🌾	2.45
👨🏽‍🍳	3.05
👨🏽‍🎓	3.22
👨🏽‍🎤	2.45
👨🏽‍🎨	2.14
👨🏽‍🏫	0.00
👨🏽‍🏭	2.67
👨🏽‍💻	2.82
👨🏽‍💼	3.67
👨🏽‍🔧	2.82
👨🏽‍🔬	0.00
👨🏽‍🚀	2.58
👨🏽‍🚒	2.43
👨🏾	2.97
👨🏾‍⚕	2.08
👨🏾‍⚕️	2.17
👨🏾‍⚖	2.67
👨🏾‍⚖️	2.67
👨🏾‍✈	2.73
👨🏾‍✈️	2.73
👨🏾‍🌾	2.93
👨🏾‍🍳	3.02
👨🏾‍🎓	2.82
👨🏾‍🎤	2.21
👨🏾‍🎨	2.27
👨🏾‍🏫	2.58
👨🏾‍🏭	2.80
👨🏾‍💻	3.46
👨🏾‍💼	2.62
👨🏾‍🔧	2.50
👨🏾‍🔬	2.53
👨🏾‍🚀	3.11
👨🏿	2.38
👨🏿‍⚕	2.46
👨🏿‍⚕️	2.46
👨🏿‍✈	0.00
👨🏿‍✈️	0.00
👨🏿‍🍳	2.78
👨🏿‍🎓	2.57
👨🏿‍🎤	0.00
👨🏿‍🎨	2.80
👨🏿‍🏫	-2.33
👨🏿‍💻	3.28
👨🏿‍💼	2.93
👨🏿‍🔧	0.00
👨🏿‍🔬	2.67
👨🏿‍🚀	2.45
👨🏿‍🚒	2.50
👩‍⚕	2.66
👩‍⚖	2.85
👩‍✈	2.47
👩‍❤‍💋‍👨	0.00
👩‍❤‍💋‍👩	2.50
👩🏻	2.84
👩🏻‍⚕	2.69
👩🏻‍⚕️	2.78
👩🏻‍⚖	2.71
👩🏻‍⚖️	2.94
👩🏻‍✈	3.32
👩🏻‍✈️	3.32
👩🏻‍🌾	3.66
👩🏻‍🍳	3.00
👩🏻‍🎓	3.08
👩🏻‍🎤	2.48
👩🏻‍🎨	3.16
👩🏻‍🏫	2.54
👩🏻‍💻	2.78
👩🏻‍💼	2.48
👩🏻‍🔧	2.40
👩🏻‍🔬	2.62
👩🏻‍🚀	3.33
👩🏻‍🚒	0.00
👩🏼	2.60
👩🏼‍⚕	2.62
👩🏼‍⚕️	2.62
👩🏼‍⚖	3.59
👩🏼‍⚖️	3.59
👩🏼‍✈	2.37
👩🏼‍✈️	2.37
👩🏼‍🌾	3.57
👩🏼‍🍳	3.22
👩🏼‍🎓	2.40
👩🏼‍🎤	3.13
👩🏼‍🎨	2.47
👩🏼‍🏫	2.78
👩🏼‍💻	0.00
👩🏼‍💼	2.12
👩🏼‍🔬	2.84
👩🏼‍🚀	3.08
👩🏼‍🚒	2.49
👩🏽	2.75
👩🏽‍⚕	2.48
👩🏽‍⚕️	2.48
👩🏽‍⚖	2.29
👩🏽‍⚖️	2.29
👩🏽‍✈	3.36
👩🏽‍✈️	3.36
👩🏽‍🍳	2.93
👩🏽‍🎓	2.60
👩🏽‍🎤	3.50
👩🏽‍🎨	3.56
👩🏽‍🏫	2.57
👩🏽‍🏭	0.00
👩🏽‍💻	2.63
👩🏽‍💼	2.80
👩🏽‍🔧	0.00
👩🏽‍🔬	3.03
👩🏽‍🚀	3.27
👩🏽‍🚒	2.73
👩🏾	2.92
👩🏾‍⚕	3.13
👩🏾‍⚕️	3.13
👩🏾‍⚖	2.88
👩🏾‍⚖️	2.88
👩🏾‍✈	3.36
👩🏾‍✈️	3.36
👩🏾‍🌾	2.36
👩🏾‍🍳	3.19
👩🏾‍🎓	2.82
👩🏾‍🎤	2.82
👩🏾‍🎨	2.80
👩🏾‍🏫	3.30
👩🏾‍🏭	3.53
👩🏾‍💻	2.62
👩🏾‍💼	3.43
👩🏾‍🔧	3.86
👩🏾‍🔬	3.04
👩🏾‍🚀	2.59
👩🏿	3.47
👩🏿‍🎓	3.62
👩🏿‍💻	3.23
👩🏿‍🔬	2.96
👩🏿‍🚀	2.58
👫🏼	0.00
👭🏽	2.67
👭🏿	0.00
👮‍♀	0.00
👮‍♂	0.00
👮🏻	0.00
👮🏻‍♀	2.43
👮🏻‍♀️	2.43
👮🏻‍♂	0.00
👮🏻‍♂️	0.00
👮🏼	2.42
👮🏼‍♀	2.33
👮🏼‍♀️	2.33
👮🏼‍♂	2.45
👮🏼‍♂️	2.45
👮🏽	-2.57
👮🏽‍♀	-3.11
👮🏽‍♀️	-3.11
👮🏽‍♂	0.00
👮🏽‍♂️	0.00
👮🏾	0.00
👮🏾‍♀	2.15
👮🏾‍♀️	2.15
👮🏾‍♂	0.00
👮🏾‍♂️	2.17
👮🏿	2.34
👮🏿‍♀	2.24
👮🏿‍♀️	2.24
👯‍♀	2.80
👯‍♂	2.92
👰🏻	2.85
👰🏼	3.38
👰🏽	3.00
👰🏾	3.60
👰🏿	3.05
👱‍♀	2.82
👱‍♂	2.36
👱🏻	2.65
👱🏻‍♀	2.86
👱🏻‍♀️	2.87
👱🏻‍♂	2.69
👱🏻‍♂️	2.71
👱🏼	2.71
👱🏼‍♀	2.59
👱🏼‍♀️	2.58
👱🏼‍♂	3.06
👱🏼‍♂️	3.06
👱🏽	2.79
👱🏽‍♀	2.59
👱🏽‍♀️	2.59
👱🏾	2.74
👱🏾‍♀	2.91
👱🏾‍♀️	2.90
👱🏾‍♂	2.69
👱🏾‍♂️	2.69
👱🏿	2.38
👱🏿‍♀	-2.00
👱🏿‍♀️	-2.05
👱🏿‍♂	-2.08
👱🏿‍♂️	0.00
👲🏻	2.63
👲🏼	3.72
👲🏽	0.00
👳‍♀	2.86
👳‍♂	0.00
👳🏻	2.12
👳🏻‍♂	2.21
👳🏻‍♂️	2.21
👳🏼	2.12
👳🏼‍♀	0.00
👳🏼‍♀️	0.00
👳🏽	0.00
👳🏽‍♀	2.56
👳🏽‍♀️	2.56
👳🏽‍♂	2.58
👳🏽‍♂️	2.58
👳🏾	2.32
👳🏾‍♀	2.77
👳🏾‍♀️	2.75
👳🏾‍♂	2.04
👳🏾‍♂️	0.00
👳🏿	3.06
👳🏿‍♀	3.20
👳🏿‍♀️	3.20
👳🏿‍♂	3.03
👳🏿‍♂️	3.03
👴🏻	2.31
👴🏼	0.00
👴🏽	2.51
👴🏾	3.21
👴🏿	0.00
👵🏻	0.00
👵🏼	2.24
👵🏽	2.40
👵🏾	-2.27
👵🏿	3.14
👶🏻	2.72
👶🏼	2.69
👶🏽	2.68
👶🏾	2.44
👶🏿	3.57
👷‍♀	2.83
👷‍♂	2.73
👷🏻	3.03
👷🏻‍♀	3.28
👷🏻‍♀️	2.74
👷🏻‍♂	2.71
👷🏻‍♂️	2.71
👷🏼	2.67
👷🏼‍♀	3.12
👷🏼‍♀️	3.12
👷🏼‍♂	2.77
👷🏼‍♂️	2.88
👷🏽	3.18
👷🏽‍♀	3.50
👷🏽‍♀️	3.50
👷🏽‍♂	2.80
👷🏽‍♂️	2.80
👷🏾	0.00
👷🏾‍♀	2.63
👷🏾‍♀️	2.63
👷🏾‍♂	-2.35
👷🏾‍♂️	-2.35
👷🏿	3.40
👷🏿‍♂	3.41
👷🏿‍♂️	3.41
👸🏻	2.90
👸🏼	2.77
👸🏽	2.85
👸🏾	2.88
👸🏿	3.13
👼🏻	2.77
👼🏼	3.06
👼🏽	2.62
👼🏾	2.59
👼🏿	3.24
💁‍♀	2.07
💁‍♂	2.59
💁🏻	2.50
💁🏻‍♀	2.55
💁🏻‍♀️	2.55
💁🏻‍♂	2.46
💁🏻‍♂️	2.45
💁🏼	2.70
💁🏼‍♀	2.64
💁🏼‍♀️	2.64
💁🏼‍♂	2.15
💁🏼‍♂️	2.15
💁🏽	2.15
💁🏽‍♀	2.22
💁🏽‍♀️	2.22
💁🏽‍♂	2.10
💁🏽‍♂️	2.09
💁🏾	2.10
💁🏾‍♀	2.08
💁🏾‍♀️	2.08
💁🏾‍♂	2.24
💁🏾‍♂️	2.23
💁🏿	2.58
💁🏿‍♀	3.15
💁🏿‍♀️	3.15
💁🏿‍♂	2.02
💁🏿‍♂️	2.02
💂‍♀	2.96
💂‍♂	2.24
💂🏻	2.33
💂🏻‍♀	2.38
💂🏻‍♀️	2.38
💂🏻‍♂	2.15
💂🏻‍♂️	2.15
💂🏼	2.32
💂🏼‍♀	2.21
💂🏼‍♀️	2.21
💂🏼‍♂	2.53
💂🏼‍♂️	2.53
💂🏽	2.03
💂🏽‍♀	2.63
💂🏽‍♀️	2.63
💂🏽‍♂	0.00
💂🏽‍♂️	0.00
💂🏾	2.03
💂🏾‍♀	2.07
💂🏾‍♀️	2.07
💂🏾‍♂	0.00
💂🏾‍♂️	0.00
💂🏿	0.00
💂🏿‍♀	0.00
💂🏿‍♀️	0.00
💃🏻	2.88
💃🏼	2.98
💃🏽	2.85
💃🏾	2.68
💃🏿	2.74
💅🏻	2.53
💅🏼	2.27
💅🏽	2.23
💅🏾	2.29
💅🏿	0.00
💆‍♀	2.20
💆‍♂	2.72
💆🏻	0.00
💆🏻‍♀	0.00
💆🏻‍♀️	0.00
💆🏻‍♂	0.00
💆🏻‍♂️	0.00
💆🏼	0.00
💆🏼‍♀	0.00
💆🏼‍♀️	2.09
💆🏼‍♂	0.00
💆🏼‍♂️	0.00
💆🏽	0.00
💆🏽‍♀	2.05
💆🏽‍♀️	2.06
💆🏽‍♂	-2.67
💆🏽‍♂️	-2.67
💆🏾	0.00
💆🏾‍♀	2.15
💆🏾‍♀️	2.15
💆🏾‍♂	0.00
💆🏾‍♂️	0.00
💆🏿	0.00
💆🏿‍♀	0.00
💆🏿‍♀️	0.00
💆🏿‍♂	-2.13
💆🏿‍♂️	-2.13
💇‍♀	2.75
💇‍♂	2.49
💇🏻	2.40
💇🏻‍♀	2.49
💇🏻‍♀️	2.48
💇🏻‍♂	2.07
💇🏻‍♂️	2.09
💇🏼	2.80
💇🏼‍♀	2.77
💇🏼‍♀️	2.77
💇🏼‍♂	2.72
💇🏼‍♂️	2.72
💇🏽	2.58
💇🏽‍♀	2.50
💇🏽‍♀️	2.49
💇🏽‍♂	2.51
💇🏽‍♂️	2.51
💇🏾	2.62
💇🏾‍♀	2.81
💇🏾‍♀️	2.83
💇🏾‍♂	2.92
💇🏾‍♂️	2.92
💇🏿	3.52
💇🏿‍♀	3.27
💇🏿‍♀️	3.20
💪🏻	2.75
💪🏼	2.75
💪🏽	2.60
💪🏾	2.46
💪🏿	2.62
📽️	2.50
🕉️	2.72
🕊️	3.26
🕯️	2.53
🕰️	3.90
🕳️	2.12
🕴️	2.84
🕴🏻	3.02
🕴🏼	2.44
🕴🏽	3.62
🕴🏾	3.52
🕴🏿	0.00
🕵️	2.76
🕵️‍♀	2.49
🕵️‍♂	2.23
🕵🏻	2.59
🕵🏻‍♀	2.48
🕵🏻‍♀️	2.48
🕵🏻‍♂	2.71
🕵🏻‍♂️	2.70
🕵🏼	3.19
🕵🏼‍♀	2.57
🕵🏼‍♀️	2.59
🕵🏼‍♂	3.60
🕵🏼‍♂️	2.47
🕵🏽	-2.95
🕵🏽‍♀	2.02
🕵🏽‍♀️	2.02
🕵🏽‍♂	-3.32
🕵🏽‍♂️	-3.32
🕵🏾	2.05
🕵🏾‍♀	2.11
🕵🏾‍♀️	2.11
🕵🏾‍♂	0.00
🕵🏾‍♂️	0.00
🕵🏿	2.42
🕵🏿‍♀	2.44
🕵🏿‍♀️	2.44
🕵🏿‍♂	2.12
🕵🏿‍♂️	2.12
🕶️	3.25
🕷️	2.60
🕸️	2.84
🕹️	3.71
🕺🏻	2.78
🕺🏼	3.16
🕺🏽	2.45
🕺🏾	2.71
🕺🏿	2.58
🖇️	2.73
🖊️	3.05
🖋️	2.02
🖌️	2.90
🖍️	2.81
🖐️	2.79
🖐🏻	2.52
🖐🏼	2.43
🖐🏽	2.52
🖐🏾	2.49
🖐🏿	2.55
🖕🏻	0.00
🖕🏼	0.00
🖕🏽	-2.20
🖕🏾	0.00
🖕🏿	0.00
🖖🏻	2.69
🖖🏼	2.89
🖖🏽	2.59
🖖🏾	2.47
🖖🏿	2.96
🖥️	3.86
🖨️	3.22
🖱️	3.55
🖲️	3.47
🖼️	3.28
🗂️	0.00
🗃️	2.89
🗑️	0.00
🗒️	2.27
🗓️	0.00
🗜️	3.53
🗝️	2.39
🗞️	2.61
🗡️	3.71
🗣️	2.61
🗨️	3.17
🗯️	2.73
🗳️	2.17
🗺️	0.00
🙅‍♀	2.35
🙅‍♂	0.00
🙅🏻	-2.27
🙅🏻‍♀	-2.27
🙅🏻‍♀️	-2.27
🙅🏻‍♂	-2.33
🙅🏻‍♂️	-2.33
🙅🏼	-2.23
🙅🏼‍♀	-2.45
🙅🏼‍♀️	-2.45
🙅🏼‍♂	0.00
🙅🏼‍♂️	0.00
🙅🏽	-2.20
🙅🏽‍♀	-2.10
🙅🏽‍♀️	-2.10
🙅🏽‍♂	-2.19
🙅🏽‍♂️	-2.19
🙅🏾	-2.30
🙅🏾‍♀	0.00
🙅🏾‍♀️	0.00
🙅🏾‍♂	-2.58
🙅🏾‍♂️	-2.51
🙅🏿	2.74
🙅🏿‍♀	0.00
🙅🏿‍♀️	0.00
🙅🏿‍♂	2.65
🙅🏿‍♂️	2.66
🙆‍♀	2.46
🙆‍♂	2.34
🙆🏻	2.45
🙆🏻‍♀	2.65
🙆🏻‍♀️	2.65
🙆🏻‍♂	2.56
🙆🏻‍♂️	2.58
🙆🏼	-2.62
🙆🏼‍♀	2.59
🙆🏼‍♀️	2.61
🙆🏼‍♂	-3.53
🙆🏼‍♂️	-3.53
🙆🏽	0.00
🙆🏽‍♀	0.00
🙆🏽‍♀️	0.00
🙆🏽‍♂	0.00
🙆🏽‍♂️	0.00
🙆🏾	2.10
🙆🏾‍♀	0.00
🙆🏾‍♀️	0.00
🙆🏾‍♂	0.00
🙆🏾‍♂️	0.00
🙆🏿	0.00
🙆🏿‍♀	2.49
🙆🏿‍♀️	2.49
🙆🏿‍♂	0.00
🙆🏿‍♂️	0.00
🙇‍♀	2.80
🙇‍♂	2.56
🙇🏻	2.25
🙇🏻‍♀	2.20
🙇🏻‍♀️	2.21
🙇🏻‍♂	2.38
🙇🏻‍♂️	2.37
🙇🏼	2.39
🙇🏼‍♀	2.18
🙇🏼‍♀️	2.18
🙇🏼‍♂	2.68
🙇🏼‍♂️	2.68
🙇🏽	2.07
🙇🏽‍♀	0.00
🙇🏽‍♀️	0.00
🙇🏽‍♂	2.16
🙇🏽‍♂️	2.16
🙇🏾	0.00
🙇🏾‍♀	0.00
🙇🏾‍♀️	0.00
🙇🏾‍♂	0.00
🙇🏾‍♂️	0.00
🙇🏿	2.13
🙇🏿‍♀	0.00
🙇🏿‍♀️	0.00
🙇🏿‍♂	0.00
🙇🏿‍♂️	0.00
🙋‍♀	3.22
🙋‍♂	3.21
🙋🏻	2.22
🙋🏻‍♀	0.00
🙋🏻‍♀️	0.00
🙋🏻‍♂	2.86
🙋🏻‍♂️	2.86
🙋🏼	2.86
🙋🏼‍♀	2.79
🙋🏼‍♀️	2.79
🙋🏼‍♂	2.58
🙋🏼‍♂️	2.58
🙋🏽	2.69
🙋🏽‍♀	2.63
🙋🏽‍♀️	2.63
🙋🏽‍♂	2.79
🙋🏽‍♂️	2.75
🙋🏾	2.56
🙋🏾‍♀	2.59
🙋🏾‍♀️	2.58
🙋🏾‍♂	2.57
🙋🏾‍♂️	2.58
🙋🏿	3.04
🙋🏿‍♀	3.37
🙋🏿‍♀️	3.37
🙋🏿‍♂	2.02
🙋🏿‍♂️	2.02
🙌🏻	2.80
🙌🏼	2.95
🙌🏽	2.72
🙌🏾	2.70
🙌🏿	2.61
🙍‍♀	0.00
🙍‍♂	2.94
🙍🏻	-2.71
🙍🏻‍♀	-2.79
🙍🏻‍♀️	-2.79
🙍🏻‍♂	-2.50
🙍🏻‍♂️	-2.46
🙍🏼	0.00
🙍🏼‍♀	0.00
🙍🏼‍♀️	0.00
🙍🏼‍♂	0.00
🙍🏼‍♂️	0.00
🙍🏽	-2.27
🙍🏽‍♀	-2.23
🙍🏽‍♀️	-2.23
🙍🏽‍♂	-2.33
🙍🏽‍♂️	-2.33
🙍🏾	-2.32
🙍🏾‍♀	0.00
🙍🏾‍♀️	0.00
🙍🏾‍♂	-2.49
🙍🏾‍♂️	-2.49
🙍🏿	0.00
🙍🏿‍♀	2.29
🙍🏿‍♀️	2.29
🙍🏿‍♂	0.00
🙍🏿‍♂️	0.00
🙎‍♀	2.88
🙎‍♂	2.23
🙎🏻	0.00
🙎🏻‍♀	0.00
🙎🏻‍♀️	0.00
🙎🏻‍♂	2.40
🙎🏻‍♂️	2.40
🙎🏼	2.02
🙎🏼‍♀	2.56
🙎🏼‍♀️	2.56
🙎🏼‍♂	0.00
🙎🏼‍♂️	0.00
🙎🏽	2.44
🙎🏽‍♀	0.00
🙎🏽‍♀️	0.00
🙎🏽‍♂	2.92
🙎🏽‍♂️	3.09
🙎🏾	2.37
🙎🏾‍♀	0.00
🙎🏾‍♀️	0.00
🙎🏾‍♂	2.58
🙎🏾‍♂️	2.61
🙎🏿	0.00
🙎🏿‍♀	0.00
🙎🏿‍♀️	0.00
🙏🏻	2.30
🙏🏼	2.71
🙏🏽	2.74
🙏🏾	2.68
🙏🏿	2.64
🚣‍♀	2.85
🚣‍♂	2.57
🚣🏻	2.51
🚣🏻‍♀	2.67
🚣🏻‍♀️	2.61
🚣🏻‍♂	0.00
🚣🏻‍♂️	0.00
🚣🏼	2.43
🚣🏼‍♀	2.33
🚣🏼‍♀️	2.33
🚣🏼‍♂	2.75
🚣🏼‍♂️	2.75
🚣🏽	2.48
🚣🏽‍♀	3.20
🚣🏽‍♀️	3.20
🚣🏽‍♂	2.18
🚣🏽‍♂️	2.18
🚣🏾	2.24
🚣🏾‍♀	-2.29
🚣🏾‍♀️	-2.29
🚣🏾‍♂	-2.40
🚣🏾‍♂️	-2.40
🚣🏿	2.91
🚴‍♀	-2.73
🚴‍♂	2.66
🚴🏻	2.88
🚴🏻‍♀	3.04
🚴🏻‍♀️	3.04
🚴🏻‍♂	2.81
🚴🏻‍♂️	2.81
🚴🏼	3.16
🚴🏼‍♀	3.30
🚴🏼‍♀️	3.30
🚴🏼‍♂	3.05
🚴🏼‍♂️	3.05
🚴🏽	2.79
🚴🏽‍♀	2.94
🚴🏽‍♀️	2.92
🚴🏽‍♂	2.67
🚴🏽‍♂️	2.62
🚴🏾	2.84
🚴🏾‍♀	2.86
🚴🏾‍♀️	2.86
🚴🏾‍♂	2.81
🚴🏾‍♂️	2.81
🚴🏿	3.29
🚵‍♀	2.67
🚵‍♂	3.21
🚵🏻	2.38
🚵🏻‍♂	2.40
🚵🏻‍♂️	2.40
🚵🏼	3.31
🚵🏼‍♂	3.53
🚵🏼‍♂️	3.53
🚵🏽	2.74
🚵🏽‍♂	-2.40
🚵🏽‍♂️	-2.40
🚶‍♀	2.56
🚶‍♂	2.73
🚶🏻	2.80
🚶🏻‍♀	0.00
🚶🏻‍♀️	0.00
🚶🏻‍♂	3.32
🚶🏻‍♂️	3.32
🚶🏼	2.46
🚶🏼‍♀	2.42
🚶🏼‍♀️	2.42
🚶🏼‍♂	2.17
🚶🏼‍♂️	2.21
🚶🏽	2.17
🚶🏽‍♀	0.00
🚶🏽‍♀️	0.00
🚶🏽‍♂	2.67
🚶🏽‍♂️	2.67
🚶🏾	2.31
🚶🏾‍♀	0.00
🚶🏾‍♀️	0.00
🚶🏾‍♂	-2.04
🚶🏾‍♂️	-2.04
🚶🏿	0.00
🚶🏿‍♀	2.07
🚶🏿‍♂	0.00
🚶🏿‍♂️	0.00
🛀🏻	2.61
🛀🏼	3.34
🛀🏽	3.07
🛀🏾	-2.16
🛀🏿	2.77
🛋️	3.84
🛌🏻	0.00
🛍️	2.73
🛎️	0.00
🛏️	2.81
🛠️	2.36
🛡️	2.39
🛢️	2.43
🛣️	-2.25
🛤️	2.94
🛥️	3.27
🛩️	2.91
🛰️	3.48
🛳️	2.56
🤘🏻	2.90
🤘🏼	2.79
🤘🏽	2.84
🤘🏾	2.54
🤘🏿	2.46
🤙🏻	2.68
🤙🏼	2.70
🤙🏽	2.67
🤙🏾	2.65
🤙🏿	2.62
🤚🏻	0.00
🤚🏼	2.52
🤚🏽	-2.26
🤚🏾	-2.01
🤚🏿	3.43
🤛🏻	2.68
🤛🏼	2.33
🤛🏽	2.98
🤛🏾	2.47
🤛🏿	2.72
🤜🏻	2.83
🤜🏼	2.31
🤜🏽	2.21
🤜🏾	2.02
🤜🏿	2.80
🤞🏻	2.49
🤞🏼	2.29
🤞🏽	2.24
🤞🏾	2.33
🤞🏿	2.26
🤟🏻	2.85
🤟🏼	2.70
🤟🏽	2.79
🤟🏾	2.52
🤟🏿	2.76
🤦‍♀	-2.13
🤦‍♂	-2.03
🤦🏻	-2.21
🤦🏻‍♀	-2.26
🤦🏻‍♀️	-2.26
🤦🏻‍♂	-2.12
🤦🏻‍♂️	-2.12
🤦🏼	-2.13
🤦🏼‍♀	-2.02
🤦🏼‍♀️	-2.02
🤦🏼‍♂	-2.46
🤦🏼‍♂️	-2.48
🤦🏽	-2.37
🤦🏽‍♀	-2.48
🤦🏽‍♀️	-2.48
🤦🏽‍♂	-2.22
🤦🏽‍♂️	-2.22
🤦🏾	-2.24
🤦🏾‍♀	-2.37
🤦🏾‍♀️	-2.37
🤦🏾‍♂	-2.14
🤦🏾‍♂️	-2.14
🤦🏿	-2.65
🤦🏿‍♀	-2.10
🤦🏿‍♀️	-2.10
🤦🏿‍♂	-2.78
🤦🏿‍♂️	-2.78
🤰🏻	2.46
🤰🏼	2.17
🤰🏽	2.21
🤰🏾	-2.04
🤰🏿	0.00
🤱🏻	3.21
🤱🏼	2.48
🤱🏽	-2.53
🤱🏾	2.29
🤲🏻	3.51
🤲🏼	3.08
🤲🏽	0.00
🤲🏾	2.63
🤲🏿	3.37
🤳🏻	2.62
🤳🏼	0.00
🤳🏽	2.19
🤳🏾	2.74
🤳🏿	2.53
🤴🏻	2.82
🤴🏼	3.72
🤴🏽	2.98
🤴🏾	0.00
🤴🏿	2.98
🤵🏻	2.44
🤵🏼	3.31
🤵🏽	0.00
🤵🏾	3.55
🤵🏿	3.67
🤶🏼	3.40
🤶🏽	3.43
🤶🏾	2.22
🤷‍♀	0.00
🤷‍♂	0.00
🤷🏻	0.00
🤷🏻‍♀	0.00
🤷🏻‍♀️	0.00
🤷🏻‍♂	0.00
🤷🏻‍♂️	0.00
🤷🏼	0.00
🤷🏼‍♀	0.00
🤷🏼‍♀️	0.00
🤷🏼‍♂	0.00
🤷🏼‍♂️	0.00
🤷🏽	-2.05
🤷🏽‍♀	-2.11
🤷🏽‍♀️	-2.10
🤷🏽‍♂	0.00
🤷🏽‍♂️	0.00
🤷🏾	0.00
🤷🏾‍♀	0.00
🤷🏾‍♀️	0.00
🤷🏾‍♂	0.00
🤷🏾‍♂️	0.00
🤷🏿	0.00
🤷🏿‍♀	-2.03
🤷🏿‍♀️	-2.03
🤷🏿‍♂	0.00
🤷🏿‍♂️	0.00
🤸‍♀	2.93
🤸‍♂	2.46
🤸🏻	2.64
🤸🏻‍♀	2.64
🤸🏻‍♀️	2.64
🤸🏻‍♂	2.63
🤸🏻‍♂️	2.63
🤸🏼	2.90
🤸🏼‍♀	2.45
🤸🏼‍♀️	2.46
🤸🏼‍♂	3.38
🤸🏼‍♂️	3.38
🤸🏽	2.30
🤸🏽‍♀	2.48
🤸🏽‍♀️	2.48
🤸🏽‍♂	-2.07
🤸🏽‍♂️	-2.07
🤸🏾	2.32
🤸🏾‍♀	2.33
🤸🏾‍♀️	2.33
🤸🏾‍♂	2.27
🤸🏾‍♂️	2.29
🤸🏿	2.51
🤸🏿‍♀	2.36
🤸🏿‍♀️	2.36
🤸🏿‍♂	2.83
🤸🏿‍♂️	2.83
🤹‍♀	3.07
🤹‍♂	2.89
🤹🏻	2.25
🤹🏻‍♀	3.02
🤹🏻‍♀️	3.02
🤹🏻‍♂	0.00
🤹🏻‍♂️	0.00
🤹🏼	2.98
🤹🏼‍♀	3.53
🤹🏼‍♀️	3.52
🤹🏽	3.16
🤹🏽‍♀	3.29
🤹🏽‍♀️	3.29
🤹🏽‍♂	3.15
🤹🏽‍♂️	3.15
🤹🏾	2.78
🤹🏾‍♀	2.81
🤹🏾‍♀️	2.81
🤹🏾‍♂	2.53
🤹🏾‍♂️	2.53
🤼‍♀	2.89
🤼‍♂	3.06
🤽‍♀	3.65
🤽‍♂	2.96
🤽🏻	2.53
🤽🏻‍♀	2.59
🤽🏻‍♀️	2.50
🤽🏻‍♂	2.60
🤽🏻‍♂️	2.60
🤽🏼	2.47
🤽🏼‍♂	2.22
🤽🏼‍♂️	2.22
🤽🏽	2.56
🤽🏽‍♂	2.48
🤽🏽‍♂️	2.48
🤽🏾	0.00
🤽🏾‍♀	0.00
🤽🏾‍♀️	0.00
🤽🏾‍♂	0.00
🤽🏾‍♂️	0.00
🤽🏿	0.00
🤾‍♀	3.27
🤾‍♂	3.10
🤾🏻	3.40
🤾🏻‍♀	3.45
🤾🏻‍♀️	3.43
🤾🏻‍♂	3.43
🤾🏻‍♂️	3.37
🤾🏼	2.72
🤾🏼‍♂	2.39
🤾🏼‍♂️	2.39
🤾🏽	2.02
🤾🏽‍♀	0.00
🤾🏽‍♀️	0.00
🤾🏽‍♂	2.02
🤾🏽‍♂️	2.02
🤾🏾	2.40
🤾🏾‍♀	2.33
🤾🏾‍♀️	2.33
🤾🏾‍♂	2.43
🤾🏾‍♂️	2.43
🧑🏻	0.00
🧑🏼	2.97
🧑🏽	2.92
🧑🏾	2.86
🧑🏿	3.20
🧒🏻	2.72
🧒🏼	2.54
🧒🏽	3.14
🧒🏾	0.00
🧓🏻	2.70
🧓🏼	2.61
🧓🏽	0.00
🧓🏿	2.86
🧔🏻	2.95
🧔🏼	3.03
🧔🏽	3.41
🧔🏾	3.05
🧔🏿	3.13
🧕🏻	2.28
🧕🏼	3.54
🧕🏽	3.26
🧕🏾	3.71
🧖‍♀	2.63
🧖‍♂	2.90
🧖🏻	2.68
🧖🏻‍♀	2.74
🧖🏻‍♀️	2.74
🧖🏻‍♂	2.10
🧖🏻‍♂️	2.11
🧖🏼	2.96
🧖🏼‍♀	3.09
🧖🏼‍♀️	3.08
🧖🏼‍♂	2.20
🧖🏼‍♂️	2.20
🧖🏽	3.41
🧖🏽‍♀	2.61
🧖🏽‍♀️	2.60
🧖🏽‍♂	3.88
🧖🏽‍♂️	3.88
🧖🏾	2.95
🧖🏾‍♀	3.21
🧖🏾‍♀️	3.20
🧖🏾‍♂	2.45
🧖🏾‍♂️	2.45
🧖🏿	0.00
🧖🏿‍♂	0.00
🧖🏿‍♂️	0.00
🧗‍♀	3.00
🧗‍♂	2.97
🧗🏻	3.11
🧗🏻‍♀	2.88
🧗🏻‍♀️	2.88
🧗🏻‍♂	3.43
🧗🏻‍♂️	3.43
🧗🏼	2.36
🧗🏼‍♀	2.46
🧗🏼‍♀️	2.46
🧗🏼‍♂	2.22
🧗🏼‍♂️	2.22
🧗🏽	2.32
🧗🏽‍♀	3.36
🧗🏽‍♀️	3.36
🧗🏽‍♂	0.00
🧗🏽‍♂️	0.00
🧗🏾	2.62
🧗🏾‍♀	3.08
🧗🏾‍♀️	3.08
🧗🏾‍♂	2.15
🧗🏾‍♂️	2.15
🧘‍♀	2.99
🧘‍♂	2.95
🧘🏻	2.69
🧘🏻‍♀	2.71
🧘🏻‍♀️	2.71
🧘🏻‍♂	2.47
🧘🏻‍♂️	2.47
🧘🏼	2.57
🧘🏼‍♀	2.62
🧘🏼‍♀️	2.61
🧘🏼‍♂	2.32
🧘🏼‍♂️	2.21
🧘🏽	2.38
🧘🏽‍♀	2.35
🧘🏽‍♀️	2.34
🧘🏽‍♂	2.56
🧘🏽‍♂️	2.56
🧘🏾	2.32
🧘🏾‍♀	2.05
🧘🏾‍♀️	2.05
🧘🏾‍♂	2.94
🧘🏾‍♂️	2.94
🧘🏿	2.87
🧘🏿‍♀	3.27
🧘🏿‍♀️	3.27
🧘🏿‍♂	2.50
🧘🏿‍♂️	2.61
🧙‍♀	2.45
🧙‍♂	2.80
🧙🏻	2.96
🧙🏻‍♀	2.75
🧙🏻‍♀️	2.75
🧙🏻‍♂	3.12
🧙🏻‍♂️	3.10
🧙🏼	2.46
🧙🏼‍♀	2.48
🧙🏼‍♀️	2.48
🧙🏼‍♂	2.53
🧙🏼‍♂️	2.53
🧙🏽	0.00
🧙🏽‍♀	3.24
🧙🏽‍♀️	3.24
🧙🏽‍♂	-2.51
🧙🏽‍♂️	-2.55
🧙🏾	2.86
🧙🏾‍♀	2.40
🧙🏾‍♀️	2.40
🧙🏿	2.76
🧙🏿‍♀	2.67
🧙🏿‍♀️	2.67
🧙🏿‍♂	2.78
🧙🏿‍♂️	2.78
🧚‍♀	3.05
🧚‍♂	3.26
🧚🏻	2.87
🧚🏻‍♀	3.16
🧚🏻‍♀️	3.16
🧚🏻‍♂	2.71
🧚🏻‍♂️	2.71
🧚🏼	2.57
🧚🏼‍♀	2.33
🧚🏼‍♀️	2.33
🧚🏼‍♂	3.24
🧚🏼‍♂️	3.25
🧚🏽	2.72
🧚🏽‍♀	2.93
🧚🏽‍♀️	2.93
🧚🏽‍♂	2.09
🧚🏽‍♂️	2.09
🧚🏾	2.72
🧚🏾‍♀	2.43
🧚🏾‍♀️	2.43
🧚🏾‍♂	3.17
🧚🏾‍♂️	3.17
🧚🏿	-2.44
🧚🏿‍♀	-2.64
🧚🏿‍♀️	-2.64
🧚🏿‍♂	3.24
🧚🏿‍♂️	3.24
🧛‍♀	3.24
🧛‍♂	-2.28
🧛🏻	3.14
🧛🏻‍♀	3.15
🧛🏻‍♀️	3.15
🧛🏻‍♂	3.17
🧛🏻‍♂️	3.17
🧛🏼	3.01
🧛🏼‍♀	2.74
🧛🏼‍♀️	2.74
🧛🏼‍♂	3.11
🧛🏼‍♂️	3.11
🧛🏽	-2.17
🧛🏽‍♀	3.25
🧛🏽‍♀️	3.25
🧛🏽‍♂	-2.49
🧛🏽‍♂️	-2.49
🧛🏾	2.47
🧛🏾‍♀	2.34
🧛🏾‍♀️	2.34
🧛🏾‍♂	2.58
🧛🏾‍♂️	2.58
🧜‍♀	3.38
🧜‍♂	3.36
🧜🏻	3.03
🧜🏻‍♀	3.26
🧜🏻‍♀️	3.26
🧜🏻‍♂	2.34
🧜🏻‍♂️	2.34
🧜🏼	3.13
🧜🏼‍♀	3.12
🧜🏼‍♀️	3.13
🧜🏼‍♂	3.33
🧜🏼‍♂️	3.33
🧜🏽	2.78
🧜🏽‍♀	3.07
🧜🏽‍♀️	3.07
🧜🏽‍♂	0.00
🧜🏽‍♂️	0.00
🧜🏾	3.23
🧜🏾‍♀	3.33
🧜🏾‍♀️	3.33
🧜🏾‍♂	2.76
🧜🏾‍♂️	2.76
🧜🏿	3.74
🧜🏿‍♀	3.91
🧜🏿‍♀️	3.91
🧜🏿‍♂	2.75
🧜🏿‍♂️	2.75
🧝‍♀	2.93
🧝‍♂	0.00
🧝🏻	2.84
🧝🏻‍♀	3.03
🧝🏻‍♀️	3.22
🧝🏻‍♂	2.14
🧝🏻‍♂️	2.26
🧝🏼	2.92
🧝🏼‍♀	2.69
🧝🏼‍♀️	2.69
🧝🏼‍♂	3.60
🧝🏼‍♂️	3.60
🧝🏽	2.87
$:	-1.5
%)	-0.4
%-)	-1.5
&-:	-0.4
&:	-0.7
( '}{' )	1.6
(%	-0.9
('-:	2.2
(':	2.3
((-:	2.1
(*	1.1
(-%	-0.7
(-*	1.3
(-:	1.6
(-:0	2.8
(-:<	-0.4
(-:o	1.5
(-:O	1.5
(-:{	-0.1
(-:|>*	1.9
(-;	1.3
(-;|	2.1
(8	2.6
(:	2.2
(:0	2.4
(:<	-0.2
(:o	2.5
(:O	2.5
(;	1.1
(;<	0.3
(=	2.2
(?:	2.1
(^:	1.5
(^;	1.5
(^;0	2.0
(^;o	1.9
(o:	1.6
)':	-2.0
)-':	-2.1
)-:	-2.1
)-:<	-2.2
)-:{	-2.1
):	-1.8
):<	-1.9
):{	-2.3
);<	-2.6
*)	0.6
*-)	0.3
*-:	2.1
*-;	2.4
*:	1.9
*<|:-)	1.6
*\0/*	2.3
*^:	1.6
,-:	1.2
---'-;-{@	2.3
--<--<@	2.2
.-:	-1.2
..###-:	-1.7
..###:	-1.9
/-:	-1.3
/:	-1.3
/:<	-1.4
/=	-0.9
/^:	-1.0
/o:	-1.4
0-8	0.1
0-|	-1.2
0:)	1.9
0:-)	1.4
0:-3	1.5
0:03	1.9
0;^)	1.6
0_o	-0.3
10q	2.1
1337	2.1
143	3.2
1432	2.6
14aa41	2.4
182	-2.9
187	-3.1
2g2b4g	2.8
2g2bt	-0.1
2qt	2.1
3:(	-2.2
3:)	0.5
3:-(	-2.3
3:-)	-1.4
4col	-2.2
4q	-3.1
5fs	1.5
8)	1.9
8-d	1.7
8-o	-0.3
86	-1.6
8d	2.9
:###..	-2.4
:$	-0.2
:&	-0.6
:'(	-2.2
:')	2.3
:'-(	-2.4
:'-)	2.7
:(	-1.9
:)	2.0
:*	2.5
:-###..	-2.5
:-&	-0.5
:-(	-1.5
:-)	1.3
:-))	2.8
:-*	1.7
:-,	1.1
:-.	-0.9
:-/	-1.2
:-<	-1.5
:-d	2.3
:-D	2.3
:-o	0.1
:-p	1.2
:-[	-1.6
:-\	-0.9
:-c	-1.3
:-p	1.5
:-|	-0.7
:-||	-2.5
:-Þ	0.9
:/	-1.4
:3	2.3
:<	-2.1
:>	2.1
:?)	1.3
:?c	-1.6
:@	-2.5
:d	2.3
:D	2.3
:l	-1.7
:o	-0.4
:p	1.0
:s	-1.2
:[	-2.0
:\	-1.3
:]	2.2
:^)	2.1
:^*	2.6
:^/	-1.2
:^\	-1.0
:^|	-1.0
:c	-2.1
:c)	2.0
:o)	2.1
:o/	-1.4
:o\	-1.1
:o|	-0.6
:P	1.4
:{	-1.9
:|	-0.4
:}	2.1
:Þ	1.1
;)	0.9
;-)	1.0
;-*	2.2
;-]	0.7
;d	0.8
;D	0.8
;]	0.6
;^)	1.4
</3	-3.0
<3	1.9
<:	2.1
<:-|	-1.4
=)	2.2
=-3	2.0
=-d	2.4
=-D	2.4
=/	-1.4
=3	2.1
=d	2.3
=D	2.3
=l	-1.2
=\	-1.2
=]	1.6
=p	1.3
=|	-0.8
>-:	-2.0
>.<	-1.3
>:	-2.1
>:(	-2.7
>:)	0.4
>:-(	-2.7
>:-)	-0.4
>:/	-1.6
>:o	-1.2
>:p	1.0
>:[	-2.1
>:\	-1.7
>;(	-2.9
>;)	0.1
>_>^	2.1
@:	-2.1
@>-->--	2.1
@}-;-'---	2.2
b^d	2.6
d-':	-2.5
d:	-2.9
d:<	-3.2
d;	-2.9
d=	-3.0
o-8	-0.5
o-:	-0.3
o-|	-1.1
o.o	-0.6
O.o	-0.6
o.O	-0.6
o:	-0.2
o:)	1.5
o:-)	2.0
o:-3	2.2
o:3	2.3
o:<	-0.3
o;^)	1.6
o_o	-0.5
O_o	-0.5
o_O	-0.5
s:	-1.1
[-;	0.5
[:	1.3
[;	1.0
[=	1.7
\-:	-1.0
\:	-1.0
\:<	-1.7
\=	-1.1
\^:	-1.3
\o/	2.2
\o:	-1.2
]-:	-2.1
]:	-1.6
]:<	-2.5
^<_<	1.4
d-:	1.6
d:	1.2
d=	1.5
o.o	-0.8
o/\o	2.1
o_0	-0.1
v.v	-2.9
x-d	2.6
x-p	1.7
xd	2.8
xD	2.7
xP	1.6
xp	1.2
x-d	2.7
x-p	1.8
{:	1.8
|-0	-1.2
|-:	-0.8
|-:>	-1.6
|-o	-1.2
|:	-0.5
|;-)	2.2
|=	-0.4
|^:	-1.1
|o:	-0.9
||-:	-2.3
}:	-2.1
}:(	-2.0
}:)	0.4
}:-(	-2.1
}:-)	0.3
_|_	-3.1